ticker,sector,n_rows,first_date,last_date,non_positive_prices,moves_over_25pct
AAPL,Technology,2765,2015-01-02,2025-12-30,0,0
ABBV,Health Care,2765,2015-01-02,2025-12-30,0,0
AMT,Real Estate,2765,2015-01-02,2025-12-30,0,0
AMZN,Consumer Discretionary,2765,2015-01-02,2025-12-30,0,0
AVGO,Technology,2765,2015-01-02,2025-12-30,0,0
BA,Industrials,2765,2015-01-02,2025-12-30,0,0
BAC,Financials,2765,2015-01-02,2025-12-30,0,0
BRK-B,Financials,2765,2015-01-02,2025-12-30,0,0
CAT,Industrials,2765,2015-01-02,2025-12-30,0,0
COP,Energy,2765,2015-01-02,2025-12-30,0,1
COST,Consumer Staples,2765,2015-01-02,2025-12-30,0,0
CVX,Energy,2765,2015-01-02,2025-12-30,0,0
DIS,Communication,2765,2015-01-02,2025-12-30,0,0
DUK,Utilities,2765,2015-01-02,2025-12-30,0,0
GE,Industrials,2765,2015-01-02,2025-12-30,0,0
GOOGL,Communication,2765,2015-01-02,2025-12-30,0,0
GS,Financials,2765,2015-01-02,2025-12-30,0,0
HD,Consumer Discretionary,2765,2015-01-02,2025-12-30,0,0
HON,Industrials,2765,2015-01-02,2025-12-30,0,0
JNJ,Health Care,2765,2015-01-02,2025-12-30,0,0
JPM,Financials,2765,2015-01-02,2025-12-30,0,0
KO,Consumer Staples,2765,2015-01-02,2025-12-30,0,0
LIN,Materials,2765,2015-01-02,2025-12-30,0,0
LLY,Health Care,2765,2015-01-02,2025-12-30,0,0
MCD,Consumer Discretionary,2765,2015-01-02,2025-12-30,0,0
MRK,Health Care,2765,2015-01-02,2025-12-30,0,0
MS,Financials,2765,2015-01-02,2025-12-30,0,0
MSFT,Technology,2765,2015-01-02,2025-12-30,0,0
NEE,Utilities,2765,2015-01-02,2025-12-30,0,0
NFLX,Communication,2765,2015-01-02,2025-12-30,0,1
NKE,Consumer Discretionary,2765,2015-01-02,2025-12-30,0,0
NVDA,Technology,2765,2015-01-02,2025-12-30,0,1
ORCL,Technology,2765,2015-01-02,2025-12-30,0,1
PEP,Consumer Staples,2765,2015-01-02,2025-12-30,0,0
PFE,Health Care,2765,2015-01-02,2025-12-30,0,0
PG,Consumer Staples,2765,2015-01-02,2025-12-30,0,0
PLD,Real Estate,2765,2015-01-02,2025-12-30,0,0
SHW,Materials,2765,2015-01-02,2025-12-30,0,0
SLB,Energy,2765,2015-01-02,2025-12-30,0,1
SO,Utilities,2765,2015-01-02,2025-12-30,0,0
SPY,Index,2765,2015-01-02,2025-12-30,0,0
T,Communication,2765,2015-01-02,2025-12-30,0,0
TSLA,Consumer Discretionary,2765,2015-01-02,2025-12-30,0,0
UNH,Health Care,2765,2015-01-02,2025-12-30,0,0
UPS,Industrials,2765,2015-01-02,2025-12-30,0,0
VZ,Communication,2765,2015-01-02,2025-12-30,0,0
WFC,Financials,2765,2015-01-02,2025-12-30,0,0
WMT,Consumer Staples,2765,2015-01-02,2025-12-30,0,0
XOM,Energy,2765,2015-01-02,2025-12-30,0,0
