date,spy_realised_vol_pct,vix
2015-02-27,12.42,13.34
2015-03-31,12.05,15.29
2015-04-30,9.89,14.55
2015-05-29,10.34,13.84
2015-06-30,10.37,18.23
2015-07-31,11.97,12.12
2015-08-31,22.62,28.43
2015-09-30,27.94,24.5
2015-10-30,15.02,15.07
2015-11-30,11.9,16.13
2015-12-31,16.03,18.21
2016-01-29,21.51,20.2
2016-02-29,20.3,20.55
2016-03-31,12.0,13.95
2016-04-29,9.16,15.7
2016-05-31,9.77,14.19
2016-06-30,16.23,15.63
2016-07-29,16.02,11.87
2016-08-31,5.1,13.42
2016-09-30,11.84,13.29
2016-10-31,8.39,17.06
2016-11-30,9.04,13.33
2016-12-30,7.29,14.04
2017-01-31,6.27,11.99
2017-02-28,5.66,12.92
2017-03-31,7.44,12.37
2017-04-28,7.44,10.82
2017-05-31,7.7,10.41
2017-06-30,6.75,11.18
2017-07-31,7.03,10.26
2017-08-31,8.06,10.59
2017-09-29,5.71,9.51
2017-10-31,4.57,10.18
2017-11-30,6.4,11.28
2017-12-29,6.36,11.04
2018-01-31,7.74,13.54
2018-02-28,22.48,19.85
2018-03-29,18.6,19.97
2018-04-30,20.0,15.93
2018-05-31,10.76,15.43
2018-06-29,9.23,16.09
2018-07-31,9.03,12.83
2018-08-31,7.24,12.86
2018-09-28,5.56,12.12
2018-10-31,19.26,21.23
2018-11-30,20.04,18.07
2018-12-31,26.42,25.42
2019-01-31,24.41,16.57
2019-02-28,10.27,14.78
2019-03-29,10.29,13.71
2019-04-30,9.02,13.12
2019-05-31,12.99,18.71
2019-06-28,12.0,15.08
2019-07-31,8.36,16.12
2019-08-30,19.88,18.98
2019-09-30,12.39,16.24
2019-10-31,11.73,13.22
2019-11-29,5.62,12.62
2019-12-31,6.87,13.78
2020-01-31,10.34,18.84
2020-02-28,21.15,40.11
2020-03-31,76.66,53.54
2020-04-30,49.14,34.15
2020-05-29,24.73,27.51
2020-06-30,25.36,30.43
2020-07-31,16.61,24.46
2020-08-31,9.63,26.41
2020-09-30,20.74,26.37
2020-10-30,20.23,38.02
2020-11-30,19.44,20.57
2020-12-31,9.88,22.75
2021-01-29,13.54,33.09
2021-02-26,15.7,27.95
2021-03-31,16.45,19.4
2021-04-30,10.53,18.61
2021-05-28,12.78,16.76
2021-06-30,8.29,15.83
2021-07-30,11.08,18.24
2021-08-31,8.11,16.48
2021-09-30,11.85,23.14
2021-10-29,13.58,16.26
2021-11-30,11.3,27.19
2021-12-31,17.23,17.22
2022-01-31,17.47,24.83
2022-02-28,21.67,30.15
2022-03-31,23.3,20.56
2022-04-29,22.66,33.4
2022-05-31,31.47,26.19
2022-06-30,29.47,28.71
2022-07-29,22.9,21.33
2022-08-31,19.86,25.87
2022-09-30,22.76,31.62
2022-10-31,26.63,25.88
2022-11-30,25.66,20.58
2022-12-30,18.83,21.67
2023-01-31,16.81,19.4
2023-02-28,16.03,20.7
2023-03-31,17.18,18.7
2023-04-28,13.44,15.78
2023-05-31,13.38,17.94
2023-06-30,11.04,13.59
2023-07-31,8.75,13.63
2023-08-31,11.24,13.57
2023-09-29,11.91,17.52
2023-10-31,13.54,18.14
2023-11-30,13.24,12.92
2023-12-29,8.0,12.45
2024-01-31,10.68,14.35
2024-02-29,11.85,13.4
2024-03-28,10.21,13.01
2024-04-30,12.02,15.65
2024-05-31,10.97,12.92
2024-06-28,7.22,12.44
2024-07-31,12.23,16.36
2024-08-30,18.58,15.0
2024-09-30,12.25,16.73
2024-10-31,9.78,23.16
2024-11-29,11.98,13.51
2024-12-31,12.32,17.35
2025-01-31,15.78,16.43
2025-02-28,12.46,19.63
2025-03-31,18.78,22.28
2025-04-30,44.04,24.7
2025-05-30,18.41,18.57
2025-06-30,11.8,16.73
2025-07-31,7.09,16.72
2025-08-29,10.24,15.36
2025-09-30,8.19,16.28
2025-10-31,12.22,17.44
2025-11-28,13.56,16.35
2025-12-30,10.98,14.33
