vix_bucket,n_days,model,QLIKE
VIX<15,530,Rolling 21d,-0.015036444820835606
VIX<15,530,EWMA,-0.017421781521510582
VIX<15,530,"GARCH(1,1)-t",-0.06943532064787149
VIX<15,530,VIX bucket,-0.08694112059211945
VIX<15,530,HMM 2-state,-0.056565953486008264
VIX<15,530,HMM 3-state,-0.0485127561744791
VIX 15-25,1127,Rolling 21d,1.1291568171055268
VIX 15-25,1127,EWMA,1.0624636643532763
VIX 15-25,1127,"GARCH(1,1)-t",0.9802073751353978
VIX 15-25,1127,VIX bucket,0.9634892986380172
VIX 15-25,1127,HMM 2-state,1.0097331278835073
VIX 15-25,1127,HMM 3-state,0.9626115610002981
VIX 25+,351,Rolling 21d,2.5686489907467553
VIX 25+,351,EWMA,2.5105328647695715
VIX 25+,351,"GARCH(1,1)-t",2.3653286370262974
VIX 25+,351,VIX bucket,2.9308079404652347
VIX 25+,351,HMM 2-state,3.4784192583098212
VIX 25+,351,HMM 3-state,3.2033948419489797
